锘縩ame,category,image
ABC X 5 KG 2012,Extintores,
ABC X 5 KG 2012,Extintores,
AGUA X 10LTS 2010,Extintores,
BALDE,Red contra Incendios,
BALDE DE ARENA CONTRA INCENDIO DE METAL,Red contra Incendios,
BALIZA DOBLE,Vial y Tr脙隆nsito,
BALIZA ROTATIVA OVAL 12W,Vial y Tr脙隆nsito,
BALIZA SIMPLE CON ESTUCHE,Vial y Tr脙隆nsito,
BALIZA SIMPLE HOMOLOGADA,Vial y Tr脙隆nsito,
BANDERA PELIGRO ROJA Y BLANCA 500 X 700 MM,Vial y Tr脙隆nsito,
BANDERA ROJA  Y BLANCA SE脙鈥楢LIZACION PRECAUCION 50 X 70 CM,Vial y Tr脙隆nsito,
"BC X 3,5KG 2011",Extintores,
BC X 5KG 2012/2013,Extintores,
BOLSA MORGUERA,Otros,
BOLSAS MORTUORIAS 10 UNIDADES,Otros,
BOLSO DE KIT,Otros,
BOQUILLA DE BC,Accesorios para Extintores,
BOTIQUIEN MINI,Botiquines,
BOTIQUIN  VIAJERO GRANDE,Botiquines,
BOTIQUIN 11 ELEMENTOS VC,Botiquines,
BOTIQUIN 43 ELEMENTOS COLGANTE TL,Botiquines,
BOTIQUIN MADERA GRANDE MB 32X24CM,Botiquines,
BOTIQUIN MADERA MG ECO,Botiquines,
BOTIQUIN MADERA MX,Botiquines,
BOTIQUIN P 10 ECO,Botiquines,
BOTIQUIN P A ECO,Botiquines,
BOTIQUIN P B,Botiquines,
BOTIQUIN PRIMEROS AUXILIOS MODELO P10  ECONOMICO,Botiquines,
BOTIQUIN PRIMEROS AUXILIOS PA MINI ECONOMICO,Botiquines,
BOTIQUIN ROJO O BLANCO 24 ELEMENTOS,Botiquines,
BOTIQUIN T A,Botiquines,
BOTIQUIN T E ( ROJO Y BLANCO),Botiquines,
BOTIQUIN T J,Botiquines,
BOTIQUIN T K,Botiquines,
BOTIQUIN TB (BICICLETA),Botiquines,
BOTIQUIN TF,Botiquines,
CABLE DE REMOLQUE,Izaje y Remolque,
CADENA PASTICA VIAL MODELO 0.6 MM-NA- x50 MTS,Vial y Tr脙隆nsito,
CADENA PLASTICA NARANJA 0.8 MM X 50 MTS,Vial y Tr脙隆nsito,
CADENA PLASTICA VARIOS COLORES POR MT,Vial y Tr脙隆nsito,
CADENA PLASTICA VIAL  06 MM -NE-AM-50 MTS,Vial y Tr脙隆nsito,
CADENA PLASTIVCA VIAL 6MM-RO-BL-50MTS,Vial y Tr脙隆nsito,
CAJA GUANTES NITRILO,Elementos de Protecci脙鲁n Personal (EPP),
CALCO CARGAS PELIGROSAS 35 X 22 CM,Carteles y Se脙卤alizaci脙鲁n,
CALCO ENTRADA 7 X 24,Carteles y Se脙卤alizaci脙鲁n,
CALCO MATERIAL ABSORBENTE 7 X 14 CM,Carteles y Se脙卤alizaci脙鲁n,
CALCO PELIGRO INFLAMABLE 25 X 25 CM,Carteles y Se脙卤alizaci脙鲁n,
CALCO RIESGO ELECTRICO,Carteles y Se脙卤alizaci脙鲁n,
CALCOS PERSONAL AUTORIZADO,Carteles y Se脙卤alizaci脙鲁n,
CALCOS PROHIBIDO ESTACIONAR,Carteles y Se脙卤alizaci脙鲁n,
CALCOS PROHIBIDO FUMAR,Carteles y Se脙卤alizaci脙鲁n,
CALCOS USE ESCALERA,Carteles y Se脙卤alizaci脙鲁n,
CALCOS VELOCIDAD,Carteles y Se脙卤alizaci脙鲁n,
CALCOS VELOCIDAD MAXIMA 90,Carteles y Se脙卤alizaci脙鲁n,
CAMBIO DE DISCO CO2,Mantenimiento y Recargas,
CARGA AFFF X 1 LTS,Mantenimiento y Recargas,
"CARGA CO2 POR 3,5 KILOS",Mantenimiento y Recargas,
CARGA CO2 POR K,Mantenimiento y Recargas,
CARGA DE CO2 POR 2 KS,Mantenimiento y Recargas,
CARGA HCFC X 1 LTS,Mantenimiento y Recargas,
CARGA K PARA 10 LTS,Mantenimiento y Recargas,
CARGA K PARA 6 LTS,Mantenimiento y Recargas,
CARGA POR LITRO DE ACETATO DE POTASIO,Mantenimiento y Recargas,
CARTEL,Carteles y Se脙卤alizaci脙鲁n,
CARTEL  ESCALERA FUERA DE SERVICIO 14 X 41 CM,Carteles y Se脙卤alizaci脙鲁n,
CARTEL 22 X 26,Carteles y Se脙卤alizaci脙鲁n,
CARTEL ALARMA INCENDIO 30 X 40 CM,Carteles y Se脙卤alizaci脙鲁n,
CARTEL ALRMA EN CASO DE INCENDIO ROMPA EL VIDRIO 22 X 28 CM,Carteles y Se脙卤alizaci脙鲁n,
CARTEL APILE CORRECTAMENTE,Carteles y Se脙卤alizaci脙鲁n,
CARTEL APILE CORRECTAMENTE 22 X 28 CM,Carteles y Se脙卤alizaci脙鲁n,
CARTEL APILE CORRECTAMENTE 40 X 45CM,Carteles y Se脙卤alizaci脙鲁n,
CARTEL ASCENSOR 14 X 41 CM,Carteles y Se脙卤alizaci脙鲁n,
CARTEL ASCENSOR DERECHA FOTOLUMINISCENCE 14 X 41 CM,Carteles y Se脙卤alizaci脙鲁n,
CARTEL ASCENSOR IZQUIERDA FOTOLUMINISCENCE 14 X 41 CM,Carteles y Se脙卤alizaci脙鲁n,
CARTEL ATENCION 45 X 40CM,Carteles y Se脙卤alizaci脙鲁n,
CARTEL ATENCION AL TRABAJAR EN ALTA TENSION 30 X 40 CM,Carteles y Se脙卤alizaci脙鲁n,
CARTEL ATENCION LEVANTE CARGAS C/CUIDADO 22 X 28CM,Carteles y Se脙卤alizaci脙鲁n,
CARTEL ATENCION VEHICULOS INDUSTRIALES 40X45CM,Carteles y Se脙卤alizaci脙鲁n,
CARTEL AUTONOMO SALIDA,Carteles y Se脙卤alizaci脙鲁n,
CARTEL BA脙鈥極 CABALLERO,Carteles y Se脙卤alizaci脙鲁n,
CARTEL BA脙鈥極 DAMA,Carteles y Se脙卤alizaci脙鲁n,
CARTEL BA脙鈥極S 14 X 30 CM,Carteles y Se脙卤alizaci脙鲁n,
CARTEL CABALLETE PISO MOJADO,Carteles y Se脙卤alizaci脙鲁n,
CARTEL CALZADO DE SEGURIDAD 40 X 45CM,Carteles y Se脙卤alizaci脙鲁n,
CARTEL CASCO DE SEGURIDAD 40 X 45CM,Carteles y Se脙卤alizaci脙鲁n,
CARTEL CHOQUE ELECTRICO 40X45CM,Carteles y Se脙卤alizaci脙鲁n,
CARTEL CIRCULE CON PRECAUCION 40X45CM,Carteles y Se脙卤alizaci脙鲁n,
CARTEL COLOQUE LA PUESTA A TIERRA 30 X 40 CM,Carteles y Se脙卤alizaci脙鲁n,
CARTEL DE ENTRADA O SALIDA CON FLECHAS,Carteles y Se脙卤alizaci脙鲁n,
CARTEL DIRECCION OBLIGATORIA IZQUIERDA 40X45CM,Carteles y Se脙卤alizaci脙鲁n,
CARTEL DUCHA DE EMERGENCIA 14 X 41 CM,Carteles y Se脙卤alizaci脙鲁n,
CARTEL EN CASO DE INCENDIO NO USE ASCENSOR,Carteles y Se脙卤alizaci脙鲁n,
CARTEL ENTRADA 14 X 41CM,Carteles y Se脙卤alizaci脙鲁n,
CARTEL ENTRADA 14 X 41CM,Carteles y Se脙卤alizaci脙鲁n,
CARTEL ENTRADA 14 X 41CM,Carteles y Se脙卤alizaci脙鲁n,
CARTEL ENTRADA DERECHA 14 X 41CM,Carteles y Se脙卤alizaci脙鲁n,
CARTEL ENTRADA FOTOLUMINISCENSE 14 X 40 CM,Carteles y Se脙卤alizaci脙鲁n,
CARTEL ENTRADA IZQUIERDA 14 X 41CM,Carteles y Se脙卤alizaci脙鲁n,
CARTEL ESCALERA ABAJO DERECHA 14 X 41 CM,Carteles y Se脙卤alizaci脙鲁n,
CARTEL ESCALERA ABAJO IZQUIERDA 14 X 41 CM,Carteles y Se脙卤alizaci脙鲁n,
CARTEL ESCALERA ARRIBA DERECHA 14 X 41 CM,Carteles y Se脙卤alizaci脙鲁n,
CARTEL ESCALERA ARRIBA IZQUIERDA 14 X 41 CM,Carteles y Se脙卤alizaci脙鲁n,
CARTEL ESCALERA DE EMERGENCIA 22 X 28 CM,Carteles y Se脙卤alizaci脙鲁n,
CARTEL ESCALERA DERECHA 14 X 41 CM,Carteles y Se脙卤alizaci脙鲁n,
CARTEL ESCALERA FOTOLUMINISCENSE 14 X 41CM,Carteles y Se脙卤alizaci脙鲁n,
CARTEL ESCALERA FOTOLUMINISCENSE 14 X 41CM,Carteles y Se脙卤alizaci脙鲁n,
CARTEL EVACUACION INCENDIO 14 X 41CM,Carteles y Se脙卤alizaci脙鲁n,
CARTEL FLECHAS 14 X 14 CM,Carteles y Se脙卤alizaci脙鲁n,
CARTEL FLECHAS FOTOLUMINISENCE 14 X 14 CM,Carteles y Se脙卤alizaci脙鲁n,
CARTEL GUANTES DE SEGURIDAD 40 X 45CM,Carteles y Se脙卤alizaci脙鲁n,
CARTEL GUARDARROPA 14 X 30 CM,Carteles y Se脙卤alizaci脙鲁n,
CARTEL GUIA DE EVACUACI脙鈥淣 22 X 28 CM,Carteles y Se脙卤alizaci脙鲁n,
CARTEL HOMBRES TRABAJANDO 45X 40CM,Carteles y Se脙卤alizaci脙鲁n,
CARTEL INCENDIO 22 X 28 CM,Carteles y Se脙卤alizaci脙鲁n,
CARTEL INFLAMABLE,Carteles y Se脙卤alizaci脙鲁n,
CARTEL INFLAMABLE,Carteles y Se脙卤alizaci脙鲁n,
CARTEL LAVA OJOS DE EMERGENCIA 14X28CM,Carteles y Se脙卤alizaci脙鲁n,
CARTEL LUZ DE EMREGENCIA 14 X 41 CM,Carteles y Se脙卤alizaci脙鲁n,
CARTEL MANTENGA LIMPIO Y ORDENADO 30 X 40 CM,Carteles y Se脙卤alizaci脙鲁n,
CARTEL MASCARA DE SOLDAR 40 X 45CM,Carteles y Se脙卤alizaci脙鲁n,
CARTEL MATAFUEGOS 22 X 28 CM,Carteles y Se脙卤alizaci脙鲁n,
CARTEL MATAFUEGOS 30 X 40 CM,Carteles y Se脙卤alizaci脙鲁n,
CARTEL MATAFUEGOS DOBLE FAZ 21 X 28 CM,Carteles y Se脙卤alizaci脙鲁n,
CARTEL MATFUEGOS DOBLE FAZ 30 X 40 CM,Carteles y Se脙卤alizaci脙鲁n,
CARTEL MAXIMA 15,Carteles y Se脙卤alizaci脙鲁n,
CARTEL NICHO HIDRANTE 22 X 28 CM,Carteles y Se脙卤alizaci脙鲁n,
CARTEL NICHOS HIDRANTES DOBLE FAZ 21 X 28 CM,Carteles y Se脙卤alizaci脙鲁n,
CARTEL NO TRANSPORTAR PERSONAS 45 CM X 40CM,Carteles y Se脙卤alizaci脙鲁n,
CARTEL NO UTILIZAR CELULAR EN ESTE AREA 20 X 27CM,Carteles y Se脙卤alizaci脙鲁n,
CARTEL OBLIGACION A PASO DE HOMBRE 40X45CM,Carteles y Se脙卤alizaci脙鲁n,
CARTEL OBLIGACION ROPA DE TRABAJO 40X45CM,Carteles y Se脙卤alizaci脙鲁n,
CARTEL OBLIGACION USAR CALZADO 22 X 28 CM,Carteles y Se脙卤alizaci脙鲁n,
CARTEL OBLIGACION USAR COFIA 45 X 40CM,Carteles y Se脙卤alizaci脙鲁n,
CARTEL OBLIGACION USAR GUANTES 22 X 28 CM,Carteles y Se脙卤alizaci脙鲁n,
CARTEL OBLIGACION USAR MASCARA FACIAL 40X45CM,Carteles y Se脙卤alizaci脙鲁n,
CARTEL OBLIGACION USAR PROTECTORES AUDITIVOS 22 X 28 CM,Carteles y Se脙卤alizaci脙鲁n,
CARTEL OBLIGACION USAR PROTECTORES OCULARES 22 X 28 CM,Carteles y Se脙卤alizaci脙鲁n,
CARTEL OBLIGACION USO CALZADO DE SEGURIDAD 22 X 28CM,Carteles y Se脙卤alizaci脙鲁n,
CARTEL OBLIGACION USO PROTECCION OCULAR 22 X 28CM,Carteles y Se脙卤alizaci脙鲁n,
CARTEL OBLIGATORIO USAR GUANTES DE SEGURIDAD 23 X 27 CM,Carteles y Se脙卤alizaci脙鲁n,
CARTEL PELIGRO DESCARGA DE COMBUSTIBLE 30 X 40 CM,Carteles y Se脙卤alizaci脙鲁n,
CARTEL PELIGRO INCENDIO 45X 40CM,Carteles y Se脙卤alizaci脙鲁n,
CARTEL PELIGRO OBRA EN CONSTRUCCION 45X 40CM,Carteles y Se脙卤alizaci脙鲁n,
CARTEL PELIGRO RESPETE LAS NORMAS DE SEGURIDAD 30 X 40 CM,Carteles y Se脙卤alizaci脙鲁n,
CARTEL PLASTICO 22 X 28,Carteles y Se脙卤alizaci脙鲁n,
CARTEL PRIMEROS AUXILIOS 14 X 41 CM,Carteles y Se脙卤alizaci脙鲁n,
CARTEL PROHIBIDO EL PASO A PERS AJENA A LA EMPR 40 X 45CM,Carteles y Se脙卤alizaci脙鲁n,
CARTEL PROHIBIDO EL PASO A TODA PERSONA AJENA AL SECTOR 40X45CM,Carteles y Se脙卤alizaci脙鲁n,
CARTEL PROHIBIDO ENTRADA A TODA PERSONA AJENA A LA OBRA 40X45CM CM,Carteles y Se脙卤alizaci脙鲁n,
CARTEL PROHIBIDO ESTACIONAR,Carteles y Se脙卤alizaci脙鲁n,
CARTEL PROHIBIDO ESTACIONAR 30 X 40 CM,Carteles y Se脙卤alizaci脙鲁n,
CARTEL PROHIBIDO ESTACIONAR 40 X 45CM,Carteles y Se脙卤alizaci脙鲁n,
CARTEL PROHIBIDO ESTACIONAR GRUA REMUEVE 22 X 28 CM,Carteles y Se脙卤alizaci脙鲁n,
CARTEL PROHIBIDO FUMAR,Carteles y Se脙卤alizaci脙鲁n,
CARTEL PROHIBIDO FUMAR 30 X 40 CM,Carteles y Se脙卤alizaci脙鲁n,
CARTEL PROHIBIDO PASAR,Carteles y Se脙卤alizaci脙鲁n,
CARTEL PROHIBIDO PASAR 40 X 45CM,Carteles y Se脙卤alizaci脙鲁n,
CARTEL PROHIBIDO PERSONAS AJENAS AL SECTOR,Carteles y Se脙卤alizaci脙鲁n,
CARTEL PROHIBIDO TRANSPORTAR PERSONAS 22 X 28 CM,Carteles y Se脙卤alizaci脙鲁n,
CARTEL PROTECCION LUMBAR 40 X 45CM,Carteles y Se脙卤alizaci脙鲁n,
CARTEL PROTECCION OCULAR 40 X 45CM,Carteles y Se脙卤alizaci脙鲁n,
CARTEL PUERTA DE ESCAPE 14 X 41 CM,Carteles y Se脙卤alizaci脙鲁n,
CARTEL PUNTO DE REUNION 22 X 28 CM,Carteles y Se脙卤alizaci脙鲁n,
CARTEL PVC 40 X 45 CM ESPECIALES,Carteles y Se脙卤alizaci脙鲁n,
CARTEL PVC 40X 45 CM,Carteles y Se脙卤alizaci脙鲁n,
CARTEL REFLECTIVO SUSTSNCIAS PELIGROSAS 25 X 25 MM,Carteles y Se脙卤alizaci脙鲁n,
CARTEL RIESGO CHOQUE ELECTRICO 22 X 28 CM,Carteles y Se脙卤alizaci脙鲁n,
CARTEL RIESGO CHOQUE ELECTRICO 45 X 40 CM,Carteles y Se脙卤alizaci脙鲁n,
CARTEL ROPA DE TRABAJO 40 X 45 CM,Carteles y Se脙卤alizaci脙鲁n,
CARTEL SALA DE MEDIDORES 22 X 28CM,Carteles y Se脙卤alizaci脙鲁n,
CARTEL SALA DE MEDIDORES 40X45CM,Carteles y Se脙卤alizaci脙鲁n,
CARTEL SALIDA,Carteles y Se脙卤alizaci脙鲁n,
CARTEL SALIDA  DERECHA 14 X 41CM,Carteles y Se脙卤alizaci脙鲁n,
CARTEL SALIDA 14 X 41CM,Carteles y Se脙卤alizaci脙鲁n,
CARTEL SALIDA ABAJO IZQUIERDA 14 X 41CM,Carteles y Se脙卤alizaci脙鲁n,
CARTEL SALIDA ARRIBA 14 X 41CM,Carteles y Se脙卤alizaci脙鲁n,
CARTEL SALIDA D EMERGENCIA 30X 45CM,Carteles y Se脙卤alizaci脙鲁n,
CARTEL SALIDA DE EMERGENCIA  DERECHA14X41CM,Carteles y Se脙卤alizaci脙鲁n,
CARTEL SALIDA DE EMERGENCIA 14X 41CM,Carteles y Se脙卤alizaci脙鲁n,
CARTEL SALIDA DE EMERGENCIA A LA IZQ 14 X 41CM,Carteles y Se脙卤alizaci脙鲁n,
CARTEL SALIDA DER 14 X 41CM,Carteles y Se脙卤alizaci脙鲁n,
CARTEL SALIDA DERECHA 14X41CM,Carteles y Se脙卤alizaci脙鲁n,
CARTEL SALIDA EMERGENCIA SINOLUX,Carteles y Se脙卤alizaci脙鲁n,
CARTEL SALIDA FOTO LUMINISCENTE DERECHA 14 X 41CM,Carteles y Se脙卤alizaci脙鲁n,
CARTEL SALIDA FOTOLUMINISCENSE 14 X 41CM,Carteles y Se脙卤alizaci脙鲁n,
CARTEL SALIDA IZQ 14 X 41CM,Carteles y Se脙卤alizaci脙鲁n,
CARTEL SALIDA IZQUIERDA 14 X 41 CM,Carteles y Se脙卤alizaci脙鲁n,
CARTEL SALIDA LATERAL DERECHO ARRIBA 14 X 41CM,Carteles y Se脙卤alizaci脙鲁n,
CARTEL SALIDA LATERAL IZQUIERDO ARRIBA 14 X 41CM,Carteles y Se脙卤alizaci脙鲁n,
CARTEL SALIDA SE脙鈥楢LIZADOR GAMASONIC 5LED,Carteles y Se脙卤alizaci脙鲁n,
CARTEL SE脙鈥楢LIZADOR GAMASONIC GX- 5 LED,Carteles y Se脙卤alizaci脙鲁n,
CARTEL SE脙鈥楢LIZADOR PISO MOJADO TIPO CARPA,Carteles y Se脙卤alizaci脙鲁n,
CARTEL SEGURIDAD CIRCULE CON PRECAUCION 45 X 40CM,Carteles y Se脙卤alizaci脙鲁n,
CARTEL SIN SALIDA ARRIBA,Carteles y Se脙卤alizaci脙鲁n,
CARTEL SUSTANCIAS PELIGROSAS NARANJA Y NEGRO 22 X 35 MM,Carteles y Se脙卤alizaci脙鲁n,
CARTEL TOMESE DEL PASAMANOS ESCALERA 30 X 30 CM,Carteles y Se脙卤alizaci脙鲁n,
CARTEL USAR PROTECTORES AUDITIVOS 40 X 45CM,Carteles y Se脙卤alizaci脙鲁n,
CARTEL VEHICULO PASO DE HOMBRE 40 X 45CM,Carteles y Se脙卤alizaci脙鲁n,
CARTEL VEHICULOS INDUSTRIALES 45X 40CM,Carteles y Se脙卤alizaci脙鲁n,
CARTEL VELOCIDAD 90,Carteles y Se脙卤alizaci脙鲁n,
CARTEL VELOCIDAD MAXIMA 10KM 30 X 40 CM,Carteles y Se脙卤alizaci脙鲁n,
Certificado profesional de seguridad antisiniestral,Otros,
CHALECO REFRACTARIO,Elementos de Protecci脙鲁n Personal (EPP),
CHAPA BALIZA  TRES COLORES ABC,Accesorios para Extintores,
CHAPA BALIZA ECO A,Accesorios para Extintores,
CHAPA BALIZA ECO AB,Accesorios para Extintores,
CHAPA BALIZA ECO ABC,Accesorios para Extintores,
CHAPA BALIZA ECO BC,Accesorios para Extintores,
CHAPA BALIZA ECO BC,Accesorios para Extintores,
CHAPA BALIZA TRES COLORES A,Accesorios para Extintores,
CHAPA BALIZA TRES COLORES A,Accesorios para Extintores,
CHAPA BALIZA TRES COLORES AB,Accesorios para Extintores,
CHAPA BALIZA TRES COLORES BC,Accesorios para Extintores,
CINTA AMARILLA DEMARCATIVA PISO 18 MTS,Vial y Tr脙隆nsito,
CINTA AMARILLA Y NEGRA POR METRO,Vial y Tr脙隆nsito,
CINTA ANTIDESLIZANTE AUTOADHESIVA NEGRA Y AMARILLA 48 MM X 33 MTS,Vial y Tr脙隆nsito,
CINTA ANTIDESLIZANTE FOTOLUMINISCENTE 5  MM POR 18 MTS,Vial y Tr脙隆nsito,
"CINTA ANTIDESLIZANTE NEGRA  ESCALERA 2,5 MM  X 18 M",Vial y Tr脙隆nsito,
CINTA ANTIDESLIZANTE REFLECTIVA POR METRO,Vial y Tr脙隆nsito,
"CINTA NEGRA Y AMARILLA AUTOADHESIVA X 18MTS  DE 2,5 ANCHO",Vial y Tr脙隆nsito,
CINTA PELIGRO,Vial y Tr脙隆nsito,
CINTA REFLECTIVA BLANCA X 45 MTS 3MM,Vial y Tr脙隆nsito,
CINTA REFLECTIVA BLANCAY AMARILLA POR MT,Vial y Tr脙隆nsito,
CINTA REFLECTIVA CEBRADA ROJA Y BLANCA,Vial y Tr脙隆nsito,
CINTA REFLECTIVA ROJA X 45 MTS 3 MM,Vial y Tr脙隆nsito,
"CINTA REFLECTIVA ROJA,75  POR MT",Vial y Tr脙隆nsito,
CONO  VIAL NARANJA SEMI FLEXIBLE BASE RIGIDA 75 CMS,Vial y Tr脙隆nsito,
CONO PP SPORT 20 CM,Vial y Tr脙隆nsito,
CONO RIGIDO 30 CMS SE脙鈥楢LIZACION VUIAL DEPORTIVO BASE REDONDA,Vial y Tr脙隆nsito,
CONO VIAL NARANJA SEMI FLEXIBLE BASE RIGIDA 50 CMS,Vial y Tr脙隆nsito,
CORTINA REFLECTIVA,Vial y Tr脙隆nsito,
CRIQUE CARRITO GATO HIDRAULICO 2 TONELADAS REFORZADO,Izaje y Remolque,
CRIQUE TIJERA 1 TONELADA,Izaje y Remolque,
CUARTA REMOLQUE,Izaje y Remolque,
DETECTOR DE GAS SIN BATERIA,Red contra Incendios,
DETECTOR DE GAS SIN BATERIA,Red contra Incendios,
DETECTOR DE HUMO,Red contra Incendios,
DETECTOR DE HUMO CON BATERIA,Red contra Incendios,
DETECTOR DE HUMO SIN BATERIA,Red contra Incendios,
DETECTOR DE HUMO SIN BATERIA GENERAL PURPOSE,Red contra Incendios,
ESDLINGA REMOLQUE 2.5MTS,Izaje y Remolque,
ESLINGA CRIQUET 5TN 10 MTS,Izaje y Remolque,
ESLINGA REMOLQUE 5 MTS 3 TONELADAS,Izaje y Remolque,
"EXTINTOR A BASE DE DIOXIDO DE CARBONO 3,5 USADO",Extintores,
EXTINTOR MANUAL A BASE ABC 25 KG,Extintores,
"EXTINTOR MANUAL A BASE ABC HCFC 2,5 LTS",Extintores,
EXTINTOR MANUAL A BASE ABC HCFC 5 LTS,Extintores,
EXTINTOR MANUAL A BASE AFFF 10 LTS 2017,Extintores,
EXTINTOR MANUAL A BASE AFFF 10 LTS 2019,Extintores,
EXTINTOR MANUAL A BASE AFFF 25 LTS,Extintores,
EXTINTOR MANUAL A BASE AFFF 50 LTS,Extintores,
EXTINTOR MANUAL A BASE AGUA 10 LTS 2024,Extintores,
EXTINTOR MANUAL A BASE AGUA 100 LTS,Extintores,
EXTINTOR MANUAL A BASE AGUA 25 LTS,Extintores,
EXTINTOR MANUAL A BASE AGUA 50 LTS,Extintores,
EXTINTOR MANUAL A BASE DE ACETATO DE  POTASIO K POR 6 LTS,Extintores,
EXTINTOR MANUAL A BASE DE AFFF POR 50 LTS,Extintores,
EXTINTOR MANUAL A BASE DE AFFF POR 70 LTS,Extintores,
EXTINTOR MANUAL A BASE DE AGUA  10 LTS USADO,Extintores,
EXTINTOR MANUAL A BASE DE CO2 POR 5 KS,Extintores,
EXTINTOR MANUAL A BASE DE DIOXIDO DE CARBONO 10KG,Extintores,
"EXTINTOR MANUAL A BASE DE HCFC DE 2,5 LTS  USADO 2016",Extintores,
EXTINTOR MANUAL A BASE DE HCFC NO MAGNETICO 5 LTS,Extintores,
EXTINTOR MANUAL A BASE DE HCFC POR 10 LTS,Extintores,
EXTINTOR MANUAL A BASE DE POLVO QUIMICO POR  100 KG,Extintores,
EXTINTOR MANUAL A BASE DE POLVO QUIMICO POR 100 KS,Extintores,
EXTINTOR MANUAL A BASE DE POLVO QUIMICO POR 5 KS USADO,Extintores,
EXTINTOR MANUAL A BASE DE POLVO QUIMICO POR 50 KG,Extintores,
"EXTINTOR MANUAL A BASE DIOXIDO DE CARBONO  3,5 KG",Extintores,
EXTINTOR MANUAL A BASE DIOXIDO DE CARBONO  7 KG,Extintores,
EXTINTOR MANUAL A BASE DIOXIDO DE CARBONO 10KG,Extintores,
EXTINTOR MANUAL A BASE DIOXIDO DE CARBONO 2 KG,Extintores,
EXTINTOR MANUAL A BASE DIOXIDO DE CARBONO 20 KG,Extintores,
EXTINTOR MANUAL A BASE DIOXIDO DE CARBONO 5 KG,Extintores,
EXTINTOR MANUAL A BASE DIOXIDO DE CARBONO X 10KG,Extintores,
EXTINTOR MANUAL A BASE K 10 LTS,Extintores,
EXTINTOR MANUAL A BASE POLVO QUIMICO 1 KG BALON,Extintores,
EXTINTOR MANUAL A BASE POLVO QUIMICO 10 KG,Extintores,
EXTINTOR MANUAL A BASE POLVO QUIMICO 1KG LARGO,Extintores,
"EXTINTOR MANUAL A BASE POLVO QUIMICO 2,5 KG",Extintores,
"EXTINTOR MANUAL A BASE POLVO QUIMICO 2,5 KG NUEVO 2022",Extintores,
EXTINTOR MANUAL A BASE POLVO QUIMICO 5 KG,Extintores,
EXTINTOR MANUAL ABC POR 50 KS,Extintores,
EXTINTORES USADOS,Extintores,
FAJA LUMBAR DE TRABAJO,Elementos de Protecci脙鲁n Personal (EPP),
FUNDA PARA EXTINTOR LARGO,Accesorios para Extintores,
FUNDAS PARA EXTINTOR BALON,Accesorios para Extintores,
FUNDAS PARA EXTINTORES 50 KS,Accesorios para Extintores,
GABINETE CON  VIDRIO PARA ABC POR 5 KS,Red contra Incendios,
GABINETE HIDRANTE CON VIDRIO,Red contra Incendios,
GABINETE PARA ABC DE 5 KS SIN VIDRIO,Red contra Incendios,
"GABINETE PARA CO2 DE 3,5 KG",Red contra Incendios,
GABINETE SIN VIDRIO PARA ABC POR 10 KS,Red contra Incendios,
GANCHOS PARA EXTINTORES,Accesorios para Extintores,
GANCHOS PARA EXTINTORES,Accesorios para Extintores,
GANCHOS PARA EXTINTORES,Accesorios para Extintores,
GANCHOS PARA EXTINTORES,Accesorios para Extintores,
GUANTES ACRILONITRILO POR PAR,Elementos de Protecci脙鲁n Personal (EPP),
GUANTES DE ACRILONITRILO PU脙鈥極 RECTO,Elementos de Protecci脙鲁n Personal (EPP),
GUANTES DE NITRILO DESCARTABLES RESISTENTES CAJA POR 100 UN,Elementos de Protecci脙鲁n Personal (EPP),
GUANTES MOTEADOS,Elementos de Protecci脙鲁n Personal (EPP),
GUANTES MOTEADOS POR PAR,Elementos de Protecci脙鲁n Personal (EPP),
GUANTES SOLADOR,Elementos de Protecci脙鲁n Personal (EPP),
ION DISE脙鈥極 INDUSTRIAL  SH,Otros,
KIT VIAJERO,Otros,
LANZAS 1 3/4 15 MTS CON SELLO,Red contra Incendios,
LLAVE AJUSTA UNIONES UNIVERSAL CON PINTURA,Izaje y Remolque,
LLAVE CRUZ,Izaje y Remolque,
"LLAVE CRUZ PINTADA UNIVERSAL CON 4 BOCAS 17, 19, 21 Y 23",Izaje y Remolque,
LUZ DE EMERGENCIA 2020 LITIO COMPACTO 60LED ATOMLUX,Luces de Emergencia,
LUZ DE EMERGENCIA 30 LED ATOMLUX,Luces de Emergencia,
LUZ DE EMERGENCIA 30 LED PRACTILED,Luces de Emergencia,
LUZ DE EMERGENCIA 60 LED ATOMLUX,Luces de Emergencia,
LUZ DE EMERGENCIA 60 LED GAMASONIC,Luces de Emergencia,
LUZ DE EMERGENCIA 60 LED PRACTILED,Luces de Emergencia,
LUZ DE EMERGENCIA 90 LED GAMASONIC,Luces de Emergencia,
LUZ DE EMERGENCIA SICA 60LED 5HS DE AUTONOMIA,Luces de Emergencia,
LUZ LED 2W PRACTILED,Luces de Emergencia,
LUZ LED 30 LEDS ATOMLUX,Luces de Emergencia,
LUZ LED 60W PRACTILED,Luces de Emergencia,
LUZ LED EMERGENCIA 30 LED PRACTILED,Luces de Emergencia,
MANGUERA 44.5 15 MTS,Mangueras,
MANGUERA CHANCHAS X 50,Mangueras,
MANGUERA DE 1 3/4 15 MTS CON SELLO,Mangueras,
MANGUERA DE 1 3/4 25 MTS CON SELLO,Mangueras,
MANGUERA DE INCENDIO 2 PULGADAS 25 MTS SELLO IRAM,Mangueras,
MANGUERA EXTINTOR,Mangueras,
MANGUERA EXTINTOR AFFF 50 LTS,Mangueras,
MANGUERA PARA CO2 1.5 MTS,Mangueras,
MANGUERAS,Mangueras,
MANGUERAS PARA EXTINTOR ABC POR 50 LTS,Mangueras,
MANIJA EXTINTOR,Accesorios para Extintores,
"MANIJAS EXTINTORES MAS DE 2,5 K",Accesorios para Extintores,
MANO DE OBRA,Otros,
MANOMETRO,Accesorios para Extintores,
MANOMETRO,Accesorios para Extintores,
MANTA APAGA LLAMAS,Red contra Incendios,
MANTA MORTUORIA,Red contra Incendios,
MANTENIMIENTO BC POR 10 KG,Mantenimiento y Recargas,
MANTENIMIENTO EXTINTOR  BC POR 5 KS,Mantenimiento y Recargas,
MANTENIMIENTO EXTINTOR ABC 1 KG,Mantenimiento y Recargas,
MANTENIMIENTO EXTINTOR ABC 10 KG,Mantenimiento y Recargas,
MANTENIMIENTO EXTINTOR ABC 100 KG,Mantenimiento y Recargas,
"MANTENIMIENTO EXTINTOR ABC 2,5 KG",Mantenimiento y Recargas,
MANTENIMIENTO EXTINTOR ABC 25 KG,Mantenimiento y Recargas,
MANTENIMIENTO EXTINTOR ABC 5 KG,Mantenimiento y Recargas,
MANTENIMIENTO EXTINTOR ABC 50 KG,Mantenimiento y Recargas,
MANTENIMIENTO EXTINTOR ABC 70 KG,Mantenimiento y Recargas,
MANTENIMIENTO EXTINTOR AFFF  10 LTS,Mantenimiento y Recargas,
MANTENIMIENTO EXTINTOR AFFF  25 LTS,Mantenimiento y Recargas,
MANTENIMIENTO EXTINTOR AFFF  50  LTS,Mantenimiento y Recargas,
MANTENIMIENTO EXTINTOR AFFF  70  LTS,Mantenimiento y Recargas,
MANTENIMIENTO EXTINTOR AFFF 100 LTS,Mantenimiento y Recargas,
"MANTENIMIENTO EXTINTOR AFFF 2,5LTS",Mantenimiento y Recargas,
MANTENIMIENTO EXTINTOR AFFF 5 LTS,Mantenimiento y Recargas,
"MANTENIMIENTO EXTINTOR AFFF DE 2,5 LTS",Mantenimiento y Recargas,
MANTENIMIENTO EXTINTOR AGUA  10 LTS,Mantenimiento y Recargas,
MANTENIMIENTO EXTINTOR AGUA  10 LTS,Mantenimiento y Recargas,
MANTENIMIENTO EXTINTOR AGUA  25 LTS,Mantenimiento y Recargas,
MANTENIMIENTO EXTINTOR AGUA  50 LTS,Mantenimiento y Recargas,
MANTENIMIENTO EXTINTOR AGUA 10 LTS,Mantenimiento y Recargas,
MANTENIMIENTO EXTINTOR AGUA DE 100 LTS,Mantenimiento y Recargas,
MANTENIMIENTO EXTINTOR BC 10 KG,Mantenimiento y Recargas,
MANTENIMIENTO EXTINTOR BC 2 KG,Mantenimiento y Recargas,
MANTENIMIENTO EXTINTOR BC 20KG,Mantenimiento y Recargas,
"MANTENIMIENTO EXTINTOR BC 3,5 KG",Mantenimiento y Recargas,
MANTENIMIENTO EXTINTOR BC 5 KS,Mantenimiento y Recargas,
MANTENIMIENTO EXTINTOR BC 7 KS,Mantenimiento y Recargas,
MANTENIMIENTO EXTINTOR CLASE D DE 10 KS,Mantenimiento y Recargas,
MANTENIMIENTO EXTINTOR D 5 KS,Mantenimiento y Recargas,
"MANTENIMIENTO EXTINTOR HCFC   2,5  LTS",Mantenimiento y Recargas,
MANTENIMIENTO EXTINTOR HCFC   5  LTS,Mantenimiento y Recargas,
MANTENIMIENTO EXTINTOR HCFC 10 LTS,Mantenimiento y Recargas,
MANTENIMIENTO EXTINTOR K   X 6 LTS,Mantenimiento y Recargas,
MANTENIMIENTO EXTINTOR K   X 6 LTS,Mantenimiento y Recargas,
MANTENIMIENTO EXTINTOR MANUAL BC POR 5KG,Mantenimiento y Recargas,
MANTENIMIENTO HCFC POR 1 LTS,Mantenimiento y Recargas,
MANTENIMIENTO MANGA INCENDIO,Mantenimiento y Recargas,
MARBETES DE 10KG,Accesorios para Extintores,
MARBETES DE 1KG,Accesorios para Extintores,
MARBETES DE 5KG,Accesorios para Extintores,
MARTILLO CON TRINCHETA PARA OMNIBUS,Otros,
NICHO HIDRANTE,Red contra Incendios,
OBLEAS,Accesorios para Extintores,
ORRIGN BOLSA,Accesorios para Extintores,
ORRING,Accesorios para Extintores,
PEDESTAL MATAFUEGO,Accesorios para Extintores,
PINTURA ABC POR 1 KG,Mantenimiento y Recargas,
PINTURA ABC POR 5 KG,Mantenimiento y Recargas,
PINTURA BC POR 10 KG,Mantenimiento y Recargas,
"PINTURA BC POR 3,5 KG",Mantenimiento y Recargas,
POLVO QUIMICO CLASE D POR 1/2 K,Mantenimiento y Recargas,
POLVO QUIMICO CLASE D POR 1K,Mantenimiento y Recargas,
POLVO QUIMICO SECO 1/2 K,Mantenimiento y Recargas,
POLVO QUIMICO SECO POR KILO,Mantenimiento y Recargas,
"PRECINTO A PARTIR 2,5 KS",Accesorios para Extintores,
PRECINTO CON LOGO,Accesorios para Extintores,
PRECINTOS AZULES,Accesorios para Extintores,
PRECINTOS NEGROS,Accesorios para Extintores,
PROTECTOR AUDITIVO TIPO TAPON,Elementos de Protecci脙鲁n Personal (EPP),
PROTECTOR LUMBAR,Elementos de Protecci脙鲁n Personal (EPP),
PRUEBA HIDRAULICA,Mantenimiento y Recargas,
RECAMBIO ABC POR 1 K,Mantenimiento y Recargas,
RECAMBIOS,Mantenimiento y Recargas,
REDUCCIONES 2 1/2 A 1 3/4 BRONCE,Red contra Incendios,
REPELENTE MOSQUITOS INFLUENCIA,Elementos de Protecci脙鲁n Personal (EPP),
REPELENTES,Elementos de Protecci脙鲁n Personal (EPP),
ROBINETE,Red contra Incendios,
ROLLO DE VIRULANA BOLSA X 10,Otros,
SEGUROS EXTINTORES,Accesorios para Extintores,
SELLOS IRAM,Accesorios para Extintores,
SEPARADORES DE FILA,Vial y Tr脙隆nsito,
SOPORTE ABC POR  5 KS,Accesorios para Extintores,
SOPORTE ABC POR 10 KS,Accesorios para Extintores,
SOPORTE ABROJO 1KG,Accesorios para Extintores,
SOPORTE DE ABC 2.5K 5K,Accesorios para Extintores,
"SOPORTE EXTINTOR ABC POR 2,5 KS",Accesorios para Extintores,
SOPORTE METALICO BALON,Accesorios para Extintores,
SOPORTE METALICO LARGO,Accesorios para Extintores,
SOPORTE METALICO PARA MATAFUEGO DE 1 K,Accesorios para Extintores,
SUJECION DE CARGA CINTA 50MM 10MT,Izaje y Remolque,
SUJECION DE CARGA CINTA 50MM 36MT,Izaje y Remolque,
SUJETA MANGUERAS,Otros,
SUNCHOS PARA EXTINTOR,Accesorios para Extintores,
TANQUE PLASTICO IBC PARA 1000 LTS (1脗掳 USO),Otros,
TOBERAS,Accesorios para Extintores,
TOBERAS GRANDE,Accesorios para Extintores,
VALVULA  DE 1/2,Red contra Incendios,
VASTAGO PARA EXTINTOR,Accesorios para Extintores,
